tweet_id,img_num,breed,timestamp,rating_numerator,rating_denominator,name,dog_nickname,favorite_count,retweet_count
675354435921575936,1,golden_retriever,2015-12-11 16:40:19,13,10,none,none,29382,14852
675362609739206656,1,Labrador_retriever,2015-12-11 17:12:48,12,10,Daisy,none,941,192
675372240448454658,1,Chihuahua,2015-12-11 17:51:04,13,10,Great,none,1524,452
675432746517426176,1,Labrador_retriever,2015-12-11 21:51:30,12,10,Happy,none,1358,501
675489971617296384,1,West_Highland_white_terrier,2015-12-12 01:38:53,10,10,none,none,1149,526
675497103322386432,1,vizsla,2015-12-12 02:07:14,11,10,Reggie,none,2814,1130
675517828909424640,1,Scottish_deerhound,2015-12-12 03:29:35,12,10,none,none,1147,407
675522403582218240,1,cocker_spaniel,2015-12-12 03:47:46,10,10,Sammy,none,936,249
675531475945709568,1,Pembroke,2015-12-12 04:23:49,10,10,EllieAKAQueenSlayer,none,1066,329
675534494439489536,1,chow,2015-12-12 04:35:48,11,10,none,none,1661,361
675706639471788032,1,English_springer,2015-12-12 15:59:51,10,10,SizzlinMenorah,none,582,85
675710890956750848,2,standard_schnauzer,2015-12-12 16:16:45,12,10,Lenny,none,1681,717
675740360753160193,1,golden_retriever,2015-12-12 18:13:51,12,10,none,pupper,1056,295
675781562965868544,1,Maltese_dog,2015-12-12 20:57:34,11,10,Buddah,none,1452,418
675798442703122432,1,beagle,2015-12-12 22:04:39,10,10,Bernie,none,9296,3040
675820929667219457,1,basset,2015-12-12 23:34:00,11,10,Lousy,none,955,206
675822767435051008,1,Pomeranian,2015-12-12 23:41:18,10,10,HELLO,none,1385,474
675845657354215424,1,pug,2015-12-13 01:12:15,10,10,Pepper,none,2042,775
675878199931371520,1,Cardigan,2015-12-13 03:21:34,11,10,Ok,none,3780,1237
675888385639251968,1,West_Highland_white_terrier,2015-12-13 04:02:03,10,10,Tugs,none,2112,839
675891555769696257,1,Italian_greyhound,2015-12-13 04:14:39,6,10,Donny,none,1918,761
675898130735476737,1,Labrador_retriever,2015-12-13 04:40:46,10,10,none,none,1440,506
676089483918516224,1,bull_mastiff,2015-12-13 17:21:08,9,10,none,none,1178,389
676101918813499392,1,Shih-Tzu,2015-12-13 18:10:33,11,10,Striker,none,2578,1047
676146341966438401,1,Irish_water_spaniel,2015-12-13 21:07:04,10,10,Bert,none,1746,585
676191832485810177,2,Chihuahua,2015-12-14 00:07:50,10,10,none,none,2050,915
676219687039057920,1,whippet,2015-12-14 01:58:31,10,10,Kenneth,none,70652,27641
676237365392908289,1,French_bulldog,2015-12-14 03:08:46,8,10,Winston,none,1090,249
676263575653122048,1,toy_poodle,2015-12-14 04:52:55,10,10,Poor,pupper,1887,483
676430933382295552,1,golden_retriever,2015-12-14 15:57:56,10,10,Duke,none,1261,302
676440007570247681,2,Maltese_dog,2015-12-14 16:34:00,11,10,none,none,1559,587
676470639084101634,1,golden_retriever,2015-12-14 18:35:43,11,10,none,none,10545,4163
676496375194980353,1,pug,2015-12-14 20:17:59,9,10,Griffin,none,1371,470
676533798876651520,1,chow,2015-12-14 22:46:41,12,10,none,none,1694,487
676575501977128964,1,Yorkshire_terrier,2015-12-15 01:32:24,8,10,Christmas,pupper,2324,985
676582956622721024,1,Boston_bull,2015-12-15 02:02:01,8,10,Vinnie,none,1073,251
676588346097852417,1,Boston_bull,2015-12-15 02:23:26,5,10,Bubbles,none,2071,696
676603393314578432,1,whippet,2015-12-15 03:23:14,9,10,Godzilla,none,1032,339
676606785097199616,1,malinois,2015-12-15 03:36:42,12,10,none,none,1720,386
676613908052996102,1,Doberman,2015-12-15 04:05:01,12,10,none,none,982,176
676617503762681856,1,Chihuahua,2015-12-15 04:19:18,13,10,none,none,2609,854
676811746707918848,1,Chihuahua,2015-12-15 17:11:09,9,10,Penn,none,1302,379
676819651066732545,2,Labrador_retriever,2015-12-15 17:42:34,12,10,Airbud,pupper,1652,598
676821958043033607,2,Great_Pyrenees,2015-12-15 17:51:44,11,10,none,none,20644,13718
676864501615042560,1,Chesapeake_Bay_retriever,2015-12-15 20:40:47,10,10,Ash,none,1884,622
676936541936185344,1,Chesapeake_Bay_retriever,2015-12-16 01:27:03,8,10,Ample,none,11584,4414
676946864479084545,1,Pekinese,2015-12-16 02:08:04,12,10,none,none,1574,326
676949632774234114,1,Welsh_springer_spaniel,2015-12-16 02:19:04,8,10,Tyrus,none,1180,348
676957860086095872,1,Labrador_retriever,2015-12-16 02:51:45,10,10,none,none,2020,719
676975532580409345,1,malamute,2015-12-16 04:01:59,11,10,Cooper,none,2522,949
677187300187611136,1,English_setter,2015-12-16 18:03:28,9,10,ByzantineRigatoni,none,2475,808
677269281705472000,1,Shetland_sheepdog,2015-12-16 23:29:14,10,10,none,pupper,1794,636
677301033169788928,1,Japanese_spaniel,2015-12-17 01:35:24,5,10,Juckson,none,1111,354
677314812125323265,2,Blenheim_spaniel,2015-12-17 02:30:09,10,10,Tass,none,1496,469
677328882937298944,1,kelpie,2015-12-17 03:26:04,10,10,Derek,none,3326,1338
677331501395156992,1,beagle,2015-12-17 03:36:28,9,10,Humphrey,none,987,207
677334615166730240,2,Lakeland_terrier,2015-12-17 03:48:51,9,10,none,none,1223,250
677530072887205888,1,Staffordshire_bullterrier,2015-12-17 16:45:31,9,10,Axel,none,963,204
677547928504967168,1,American_Staffordshire_terrier,2015-12-17 17:56:29,12,10,none,none,6299,3282
677557565589463040,1,Shih-Tzu,2015-12-17 18:34:46,10,10,Reckless,pupper,2212,1012
677565715327688705,1,basset,2015-12-17 19:07:09,6,10,Contortionist,none,1187,409
677644091929329666,1,Chihuahua,2015-12-18 00:18:36,11,10,none,none,1704,725
677673981332312066,1,Maltese_dog,2015-12-18 02:17:22,9,10,Endangered,none,3025,1344
677687604918272002,1,Pembroke,2015-12-18 03:11:30,11,10,Cindy,none,2249,751
677698403548192770,1,Shih-Tzu,2015-12-18 03:54:25,9,10,Sadie,none,1117,286
677700003327029250,1,Siberian_husky,2015-12-18 04:00:46,10,10,Ralph,none,3103,1285
677895101218201600,1,dalmatian,2015-12-18 16:56:01,9,10,Guys,none,4380,1836
677918531514703872,1,Eskimo_dog,2015-12-18 18:29:07,10,10,How,none,1216,364
678021115718029313,1,miniature_pinscher,2015-12-19 01:16:45,12,10,Reese,none,12326,5604
678255464182861824,1,Chihuahua,2015-12-19 16:47:58,9,10,Jessifer,none,1447,327
678278586130948096,1,Maltese_dog,2015-12-19 18:19:51,10,10,none,pupper,10384,5468
678334497360859136,1,Norfolk_terrier,2015-12-19 22:02:01,10,10,Rosie,none,1180,222
678341075375947776,1,golden_retriever,2015-12-19 22:28:09,12,10,none,pupper,1570,471
678380236862578688,1,Samoyed,2015-12-20 01:03:46,10,10,Crumpet,none,2228,821
678389028614488064,1,miniature_pinscher,2015-12-20 01:38:42,11,10,Bella,pupper,1708,380
678396796259975168,2,Pembroke,2015-12-20 02:09:34,12,10,none,none,1451,373
678399652199309312,1,Bedlington_terrier,2015-12-20 02:20:55,12,10,none,none,73180,28459
678410210315247616,1,schipperke,2015-12-20 03:02:53,10,10,Jerome,none,3816,1606
678424312106393600,1,Maltese_dog,2015-12-20 03:58:55,2,10,Crystal,none,4981,2262
678446151570427904,1,Staffordshire_bullterrier,2015-12-20 05:25:42,10,10,none,none,3648,1370
678643457146150913,1,Labrador_retriever,2015-12-20 18:29:43,10,10,Grizz,none,1870,359
678740035362037760,1,beagle,2015-12-21 00:53:29,6,10,Tango,none,3387,1484
678755239630127104,1,malamute,2015-12-21 01:53:54,10,10,Dash,none,6460,2917
678764513869611008,1,Irish_terrier,2015-12-21 02:30:45,10,10,Wilson,none,1477,413
678774928607469569,1,Pembroke,2015-12-21 03:12:08,11,10,Tug,none,2567,818
678798276842360832,1,Airedale,2015-12-21 04:44:55,7,10,Linda,none,3155,1024
678800283649069056,1,Labrador_retriever,2015-12-21 04:52:53,12,10,Snazzy,pupper,2349,816
678969228704284672,1,Labrador_retriever,2015-12-21 16:04:13,11,10,Lola,none,1497,408
678991772295516161,1,Eskimo_dog,2015-12-21 17:33:48,12,10,none,none,2062,1014
679047485189439488,1,golden_retriever,2015-12-21 21:15:11,9,10,Quite,none,2051,585
679062614270468097,2,schipperke,2015-12-21 22:15:18,11,10,Chompsky,none,15440,7177
679111216690831360,1,kelpie,2015-12-22 01:28:25,12,10,none,none,5410,2300
679132435750195208,1,Scottish_deerhound,2015-12-22 02:52:45,10,10,Louis,none,2691,1034
679148763231985668,1,Italian_greyhound,2015-12-22 03:57:37,8,10,none,none,2549,919
679158373988876288,1,pug,2015-12-22 04:35:49,11,10,Rubio,none,19362,7215
679462823135686656,1,toy_poodle,2015-12-23 00:45:35,11,10,Hurley,none,29287,16932
679475951516934144,1,Maltese_dog,2015-12-23 01:37:45,9,10,Evy,none,1915,578
679511351870550016,1,Chihuahua,2015-12-23 03:58:25,7,10,William,none,3058,1142
679530280114372609,1,dalmatian,2015-12-23 05:13:38,7,10,Guys,none,4351,1876
679722016581222400,1,boxer,2015-12-23 17:55:32,8,10,Mike,none,1535,424
679729593985699840,1,West_Highland_white_terrier,2015-12-23 18:25:38,8,10,Hunter,none,1988,746
679736210798047232,1,French_bulldog,2015-12-23 18:51:56,9,10,Sabertooth,none,1906,713
679777920601223168,1,bloodhound,2015-12-23 21:37:40,10,10,Rinna,pupper,2851,991
679828447187857408,3,Chihuahua,2015-12-24 00:58:27,13,10,none,pupper,33042,12528
679844490799091713,1,Airedale,2015-12-24 02:02:12,10,10,Willie,none,2183,685
679854723806179328,1,chow,2015-12-24 02:42:51,7,10,Bruce,none,2603,1097
679862121895714818,1,EntleBucher,2015-12-24 03:12:15,11,10,Dammit,none,2243,553
680070545539371008,1,Shih-Tzu,2015-12-24 17:00:27,9,10,Emmie,none,2379,771
680100725817409536,1,golden_retriever,2015-12-24 19:00:23,11,10,none,pupper,3293,1244
680115823365742593,1,pug,2015-12-24 20:00:22,9,10,Ozzy,none,2490,821
680130881361686529,1,Maltese_dog,2015-12-24 21:00:12,10,10,Reggie,none,2109,854
680145970311643136,1,miniature_poodle,2015-12-24 22:00:10,10,10,Kawhi,pupper,3308,1555
680161097740095489,1,bluetick,2015-12-24 23:00:17,12,10,Goliath,none,2136,669
680191257256136705,1,Brittany_spaniel,2015-12-25 01:00:07,11,10,none,pupper,1972,440
680473011644985345,1,Lakeland_terrier,2015-12-25 19:39:43,10,10,Hector,none,2339,668
680497766108381184,1,Chihuahua,2015-12-25 21:18:05,12,10,Percy,none,3876,1728
680609293079592961,1,French_bulldog,2015-12-26 04:41:15,9,10,Brody,none,2405,622
680801747103793152,1,pug,2015-12-26 17:25:59,10,10,Great,none,2181,739
680836378243002368,3,Pembroke,2015-12-26 19:43:36,12,10,Ellie,pupper,3173,1182
680889648562991104,1,Shetland_sheepdog,2015-12-26 23:15:17,9,10,Cheesy,none,1606,323
680913438424612864,1,Pomeranian,2015-12-27 00:49:49,11,10,Griswold,none,2204,562
680934982542561280,1,Labrador_retriever,2015-12-27 02:15:25,10,10,Sadie,none,1908,391
680940246314430465,1,soft-coated_wheaten_terrier,2015-12-27 02:36:20,4,10,none,none,2921,935
680959110691590145,2,pug,2015-12-27 03:51:18,9,10,Ozzie,none,4205,1816
680970795137544192,1,pug,2015-12-27 04:37:44,9,10,none,none,2203,583
681193455364796417,1,Pomeranian,2015-12-27 19:22:30,11,10,Aspen,none,3402,1331
681231109724700672,1,Irish_setter,2015-12-27 21:52:07,11,10,none,pupper,2230,436
681261549936340994,1,Tibetan_terrier,2015-12-27 23:53:05,9,10,Panda,none,1332,235
681281657291280384,1,Saint_Bernard,2015-12-28 01:12:59,11,10,Sarge,none,2957,992
681297372102656000,1,Lhasa,2015-12-28 02:15:26,12,10,Thank,none,2951,852
681320187870711809,1,Samoyed,2015-12-28 03:46:05,11,10,Glacier,none,2403,671
681339448655802368,1,Labrador_retriever,2015-12-28 05:02:37,9,10,Asher,none,8540,3691
681523177663676416,1,Norfolk_terrier,2015-12-28 17:12:42,12,10,none,none,13120,5184
681579835668455424,1,Rottweiler,2015-12-28 20:57:50,8,10,Apollo,none,3240,1172
681610798867845120,1,toy_poodle,2015-12-28 23:00:52,12,10,none,none,1725,416
681654059175129088,1,Pomeranian,2015-12-29 01:52:46,12,10,Toffee,none,2410,819
681694085539872773,1,toy_poodle,2015-12-29 04:31:49,11,10,BenedoopCumbersnatch,pupper,11780,3678
681891461017812993,1,Chihuahua,2015-12-29 17:36:07,10,10,Charlie,pupper,2266,744
681981167097122816,1,Labrador_retriever,2015-12-29 23:32:35,12,10,Jimothy,none,2589,916
682032003584274432,1,schipperke,2015-12-30 02:54:35,11,10,Ulysses,none,6033,1788
682259524040966145,1,Siberian_husky,2015-12-30 17:58:40,9,10,Jax,none,3797,1077
682303737705140231,1,Lakeland_terrier,2015-12-30 20:54:22,9,10,Todo,none,2812,882
682389078323662849,1,curly-coated_retriever,2015-12-31 02:33:29,9,10,Brody,none,1533,423
682393905736888321,1,vizsla,2015-12-31 02:52:40,11,10,Kreg,none,2062,595
682429480204398592,1,whippet,2015-12-31 05:14:01,8,10,none,none,3174,1042
682638830361513985,1,English_springer,2015-12-31 19:05:54,12,10,none,none,1898,534
682662431982772225,1,beagle,2015-12-31 20:39:41,11,10,Joe,none,2806,986
682750546109968385,1,English_setter,2016-01-01 02:29:49,9,10,Taco,none,1398,398
683030066213818368,1,boxer,2016-01-01 21:00:32,10,10,Lulu,none,1995,666
683078886620553216,1,Eskimo_dog,2016-01-02 00:14:32,9,10,Feet,none,1852,517
683098815881154561,1,golden_retriever,2016-01-02 01:33:43,12,10,none,none,1992,587
683111407806746624,1,cocker_spaniel,2016-01-02 02:23:45,10,10,Larry,none,3136,814
683142553609318400,1,Leonberg,2016-01-02 04:27:31,9,10,Brandy,none,2638,931
683357973142474752,1,Pembroke,2016-01-02 18:43:31,10,10,none,none,2658,822
683391852557561860,1,French_bulldog,2016-01-02 20:58:09,11,10,Jac,none,7027,2171
683449695444799489,1,Lakeland_terrier,2016-01-03 00:47:59,10,10,none,none,3571,1454
683462770029932544,1,Italian_greyhound,2016-01-03 01:39:57,8,10,none,pupper,2237,620
683481228088049664,1,keeshond,2016-01-03 02:53:17,11,10,Banjo,pupper,2439,901
683498322573824003,1,Airedale,2016-01-03 04:01:13,11,10,Griffin,none,2923,872
683742671509258241,1,Pembroke,2016-01-03 20:12:10,11,10,Sebastian,none,5958,2993
683773439333797890,1,miniature_pinscher,2016-01-03 22:14:26,9,10,Buddy,none,3064,1218
683828599284170753,1,malamute,2016-01-04 01:53:37,12,10,Dogue,pupper,2577,969
683834909291606017,1,Maltese_dog,2016-01-04 02:18:42,9,10,none,none,2400,1017
683849932751646720,1,Mexican_hairless,2016-01-04 03:18:23,5,10,Jiminy,none,2407,850
683852578183077888,1,toy_poodle,2016-01-04 03:28:54,10,10,Tiger,none,1786,315
683857920510050305,1,bluetick,2016-01-04 03:50:08,10,10,Sadie,none,3505,1017
684097758874210310,1,Labrador_retriever,2016-01-04 19:43:10,10,10,Lupe,none,3780,1293
684177701129875456,1,chow,2016-01-05 01:00:50,10,10,Kulet,none,1863,591
684188786104872960,1,kelpie,2016-01-05 01:44:52,10,10,none,none,3213,1045
684195085588783105,1,Chihuahua,2016-01-05 02:09:54,9,10,Tino,none,1757,453
684241637099323392,1,Pembroke,2016-01-05 05:14:53,12,10,Obi,none,7463,2939
684460069371654144,1,Labrador_retriever,2016-01-05 19:42:51,10,10,Jeph,none,1811,502
684481074559381504,1,Chihuahua,2016-01-05 21:06:19,10,10,Pippa,none,3557,1069
684594889858887680,1,Weimaraner,2016-01-06 04:38:35,10,10,THE,none,8160,3163
684800227459624960,1,miniature_schnauzer,2016-01-06 18:14:31,11,10,Theodore,none,2511,899
684902183876321280,1,Pembroke,2016-01-07 00:59:40,11,10,Perry,none,1716,463
684914660081053696,1,chow,2016-01-07 01:49:14,12,10,none,none,3213,1320
684926975086034944,1,Labrador_retriever,2016-01-07 02:38:10,11,10,Bruise,none,3210,417
684940049151070208,2,Border_collie,2016-01-07 03:30:07,12,10,Oreo,none,2963,944
685169283572338688,1,Bernese_mountain_dog,2016-01-07 18:41:01,11,10,Gerbald,none,3772,1272
685198997565345792,1,Old_English_sheepdog,2016-01-07 20:39:06,11,10,Alfie,none,2135,588
685268753634967552,1,pug,2016-01-08 01:16:17,10,10,Hubertson,none,2831,1070
685307451701334016,1,Pomeranian,2016-01-08 03:50:03,11,10,Petrick,none,1919,395
685315239903100929,2,chow,2016-01-08 04:21:00,11,10,none,none,3022,942
685321586178670592,1,Boston_bull,2016-01-08 04:46:13,10,10,Rocky,none,2438,578
685325112850124800,1,golden_retriever,2016-01-08 05:00:14,10,10,Xbox,none,8660,3571
685532292383666176,1,collie,2016-01-08 18:43:29,9,10,RATE,none,2797,1043
685641971164143616,1,Lakeland_terrier,2016-01-09 01:59:19,7,10,Otis,none,2681,694
685663452032069632,1,Chesapeake_Bay_retriever,2016-01-09 03:24:40,12,10,Brooks,none,2968,1330
685906723014619143,1,Yorkshire_terrier,2016-01-09 19:31:20,9,10,Olive,none,6878,2580
685943807276412928,1,papillon,2016-01-09 21:58:42,8,10,none,pupper,1494,533
685973236358713344,1,Siberian_husky,2016-01-09 23:55:38,11,10,Lorelei,none,1932,477
686007916130873345,1,Rhodesian_ridgeback,2016-01-10 02:13:27,11,10,none,pupper,2273,363
686034024800862208,1,Great_Dane,2016-01-10 03:57:12,12,10,none,none,2833,1035
686050296934563840,1,Pomeranian,2016-01-10 05:01:51,11,10,Flávio,none,2065,665
686358356425093120,1,pug,2016-01-11 01:25:58,10,10,Son,none,1993,597
686377065986265092,1,German_shepherd,2016-01-11 02:40:19,10,10,Birf,pupper,2041,514
686386521809772549,1,Yorkshire_terrier,2016-01-11 03:17:53,11,10,Crimson,none,3001,791
686606069955735556,1,Labrador_retriever,2016-01-11 17:50:18,10,10,Horace,none,1747,490
686618349602762752,1,Rottweiler,2016-01-11 18:39:05,11,10,Olivia,none,3404,1236
686683045143953408,1,Norwich_terrier,2016-01-11 22:56:10,11,10,Mona,pupper,2605,729
686730991906516992,1,Tibetan_mastiff,2016-01-12 02:06:41,12,10,none,none,3792,1087
687096057537363968,1,Labrador_retriever,2016-01-13 02:17:20,11,10,NewYear,none,2073,551
687109925361856513,2,borzoi,2016-01-13 03:12:26,11,10,Baxter,none,5346,2224
687124485711986689,1,beagle,2016-01-13 04:10:18,11,10,Samson,none,2014,460
687127927494963200,1,pug,2016-01-13 04:23:58,9,10,Gordon,none,4965,2045
687312378585812992,1,Great_Dane,2016-01-13 16:36:55,7,10,Dalmatian,pupper,3999,1726
687317306314240000,1,Shih-Tzu,2016-01-13 16:56:30,11,10,Tyrone,none,18606,8322
687460506001633280,1,Boston_bull,2016-01-14 02:25:31,10,10,Kramer,none,1907,490
687480748861947905,1,English_springer,2016-01-14 03:45:57,12,10,none,none,1472,221
687494652870668288,1,Rottweiler,2016-01-14 04:41:12,7,10,Marq,none,1753,527
687664829264453632,1,pug,2016-01-14 15:57:26,11,10,Opal,none,1800,469
687704180304273409,1,miniature_pinscher,2016-01-14 18:33:48,9,10,Blakely,none,2236,764
687807801670897665,1,Staffordshire_bullterrier,2016-01-15 01:25:33,11,10,Troope,none,2197,656
687818504314159109,1,Lakeland_terrier,2016-01-15 02:08:05,12,10,none,pupper,2279,861
687826841265172480,1,Pomeranian,2016-01-15 02:41:12,12,10,Louis,none,2513,1007
688064179421470721,1,Eskimo_dog,2016-01-15 18:24:18,11,10,Kilo,none,1593,322
688385280030670848,2,golden_retriever,2016-01-16 15:40:14,12,10,Louis,none,8512,4074
688519176466644993,1,Pembroke,2016-01-17 00:32:18,12,10,none,pupper,2146,657
688547210804498433,1,papillon,2016-01-17 02:23:42,9,10,Frönq,none,2393,626
688789766343622656,1,American_Staffordshire_terrier,2016-01-17 18:27:32,8,10,Pubert,none,2048,604
688804835492233216,3,malinois,2016-01-17 19:27:24,12,10,none,none,886,168
688828561667567616,1,Cardigan,2016-01-17 21:01:41,9,10,Brad,none,1273,321
688898160958271489,1,Ibizan_hound,2016-01-18 01:38:15,10,10,none,none,1921,710
688916208532455424,1,Pembroke,2016-01-18 02:49:58,11,10,none,pupper,2491,772
689143371370250240,1,English_springer,2016-01-18 17:52:38,10,10,Trip,pupper,1862,454
689154315265683456,1,cocker_spaniel,2016-01-18 18:36:07,9,10,none,none,2854,895
689275259254616065,1,American_Staffordshire_terrier,2016-01-19 02:36:42,10,10,Lucky,none,1051,225
689280876073582592,3,Chihuahua,2016-01-19 02:59:01,10,10,Herald,none,1820,638
689283819090870273,1,Scotch_terrier,2016-01-19 03:10:43,9,10,Chipson,none,3008,1004
689517482558820352,1,Pembroke,2016-01-19 18:39:13,12,10,Carl,none,3118,1293
689557536375177216,1,Eskimo_dog,2016-01-19 21:18:22,12,10,Downright,none,1896,403
689599056876867584,1,cocker_spaniel,2016-01-20 00:03:21,11,10,none,none,10732,5005
689623661272240129,1,toy_poodle,2016-01-20 01:41:08,10,10,Lucy,pupper,2038,579
689661964914655233,1,Italian_greyhound,2016-01-20 04:13:20,12,10,Luca,none,2992,850
689835978131935233,1,collie,2016-01-20 15:44:48,11,10,Fyn,none,2014,688
689877686181715968,1,Old_English_sheepdog,2016-01-20 18:30:32,9,10,Durg,none,2789,1043
689905486972461056,4,Pomeranian,2016-01-20 20:21:00,11,10,Gizmo,none,2253,621
689977555533848577,1,Labrador_retriever,2016-01-21 01:07:23,12,10,Happy,none,1262,407
689999384604450816,1,standard_poodle,2016-01-21 02:34:07,10,10,Covach,none,1303,328
690005060500217858,1,Samoyed,2016-01-21 02:56:40,10,10,none,none,3379,1533
690015576308211712,2,malamute,2016-01-21 03:38:27,12,10,none,pupper,2294,659
690021994562220032,1,malamute,2016-01-21 04:03:58,10,10,Geof,none,2580,921
690360449368465409,1,pug,2016-01-22 02:28:52,9,10,Stop,none,2441,789
690374419777196032,1,kuvasz,2016-01-22 03:24:22,11,10,Phred,none,2964,759
690400367696297985,1,Pembroke,2016-01-22 05:07:29,10,10,Eriq,none,1741,406
690597161306841088,1,Lhasa,2016-01-22 18:09:28,11,10,Lolo,none,1778,546
690649993829576704,1,Mexican_hairless,2016-01-22 21:39:24,11,10,Hazel,none,1199,248
690690673629138944,1,Maltese_dog,2016-01-23 00:21:03,10,10,Cedrick,none,2144,744
690728923253055490,1,kuvasz,2016-01-23 02:53:03,8,10,none,none,1994,465
690735892932222976,1,golden_retriever,2016-01-23 03:20:44,13,10,Peaches,none,3488,1148
690959652130045952,2,golden_retriever,2016-01-23 18:09:53,11,10,none,none,3304,1112
691096613310316544,1,borzoi,2016-01-24 03:14:07,11,10,Left,none,2753,792
691321916024623104,1,Rottweiler,2016-01-24 18:09:23,11,10,Peruvian,none,2376,599
691416866452082688,1,Lakeland_terrier,2016-01-25 00:26:41,13,10,DogJesus,none,17805,6893
691444869282295808,2,Bernese_mountain_dog,2016-01-25 02:17:57,12,10,Bailey,none,2431,750
691459709405118465,1,Shetland_sheepdog,2016-01-25 03:16:56,12,10,Leo,none,3720,1019
691483041324204033,1,bloodhound,2016-01-25 04:49:38,5,10,none,none,2195,500
691675652215414786,1,Chihuahua,2016-01-25 17:35:00,10,10,Richie,none,1794,459
691756958957883396,1,Saint_Bernard,2016-01-25 22:58:05,10,10,BRITISH,none,2593,884
692017291282812928,1,Tibetan_terrier,2016-01-26 16:12:33,9,10,KingsleyWellensworthIII,none,2669,869
692158366030913536,1,pug,2016-01-27 01:33:08,10,10,Edgar,none,1969,718
692187005137076224,2,Siberian_husky,2016-01-27 03:26:56,12,10,ArcticWubberfloof,none,2331,743
692530551048294401,1,Siberian_husky,2016-01-28 02:12:04,10,10,Cody,none,1693,368
692535307825213440,1,pug,2016-01-28 02:30:58,10,10,none,none,2896,1231
692568918515392513,2,golden_retriever,2016-01-28 04:44:32,12,10,Chester,none,4026,1392
692752401762250755,1,Samoyed,2016-01-28 16:53:37,13,10,none,pupper,6266,3294
692828166163931137,1,Samoyed,2016-01-28 21:54:41,12,10,none,pupper,2653,795
692894228850999298,1,German_short-haired_pointer,2016-01-29 02:17:12,10,10,Tupawc,none,2077,713
692901601640583168,1,soft-coated_wheaten_terrier,2016-01-29 02:46:29,10,10,none,none,1612,536
692905862751522816,1,Mexican_hairless,2016-01-29 03:03:25,10,10,none,pupper,2231,789
693095443459342336,1,Yorkshire_terrier,2016-01-29 15:36:45,10,10,Milo,pupper,1696,403
693109034023534592,1,cocker_spaniel,2016-01-29 16:30:45,11,10,none,none,1559,549
693155686491000832,3,Shih-Tzu,2016-01-29 19:36:08,12,10,Dunkin,none,7254,2889
693231807727280129,1,vizsla,2016-01-30 00:38:37,9,10,Bodie,none,2644,669
693262851218264065,1,golden_retriever,2016-01-30 02:41:58,11,10,none,pupper,2036,452
693280720173801472,1,Labrador_retriever,2016-01-30 03:52:58,10,10,Sadie,none,3082,1120
693622659251335168,1,malamute,2016-01-31 02:31:43,10,10,none,none,1415,336
693629975228977152,1,pug,2016-01-31 03:00:47,12,10,none,pupper,2254,719
693642232151285760,1,Scottish_deerhound,2016-01-31 03:49:30,9,10,Freddery,none,2346,376
693942351086120961,1,groenendael,2016-01-31 23:42:03,10,10,Kobe,none,1619,328
694001791655137281,1,Pembroke,2016-02-01 03:38:15,11,10,Chester,none,3135,923
694183373896572928,1,Pekinese,2016-02-01 15:39:48,9,10,Lola,none,2703,842
694206574471057408,1,Shih-Tzu,2016-02-01 17:11:59,10,10,Martha,none,3809,1846
694329668942569472,1,boxer,2016-02-02 01:21:07,9,10,Grady,pupper,1817,449
694352839993344000,2,Australian_terrier,2016-02-02 02:53:12,10,10,Oliviér,none,1877,538
695051054296211456,1,Boston_bull,2016-02-04 01:07:39,6,10,Bria,none,2431,715
695074328191332352,1,Shih-Tzu,2016-02-04 02:40:08,11,10,Lorenzo,pupper,2603,990
695095422348574720,1,papillon,2016-02-04 04:03:57,12,10,none,pupper,2449,549
695314793360662529,2,Maltese_dog,2016-02-04 18:35:39,10,10,Colin,none,3325,1294
695409464418041856,1,pug,2016-02-05 00:51:51,10,10,Bob,none,7971,3234
695446424020918272,1,basenji,2016-02-05 03:18:42,12,10,none,none,4081,1649
695629776980148225,1,Old_English_sheepdog,2016-02-05 15:27:17,8,10,Calvin,none,4182,1889
695794761660297217,1,Samoyed,2016-02-06 02:22:53,13,10,Wyatt,none,2915,705
758854675097526272,4,Old_English_sheepdog,2016-07-29 02:40:28,11,10,LilliBee,none,3314,837
759047813560868866,1,Labrador_retriever,2016-07-29 15:27:55,11,10,Queen,none,6047,1844
759099523532779520,1,Shetland_sheepdog,2016-07-29 18:53:24,7,10,Toby,none,13565,3804
759197388317847553,1,kuvasz,2016-07-30 01:22:17,12,10,Luna,none,5684,1797
759447681597108224,1,kuvasz,2016-07-30 17:56:51,11,10,Oakley,none,7910,2266
759557299618865152,2,golden_retriever,2016-07-31 01:12:26,10,10,Emma,none,4383,1100
759793422261743616,2,golden_retriever,2016-07-31 16:50:42,12,10,Maggi,none,5560,1756
759846353224826880,1,Sussex_spaniel,2016-07-31 20:21:02,11,10,Kirby,none,6268,1791
760290219849637889,1,Old_English_sheepdog,2016-08-02 01:44:48,13,10,Rocco,none,24992,10522
760539183865880579,1,Samoyed,2016-08-02 18:14:06,12,10,Atlas,none,7054,3321
760656994973933572,1,golden_retriever,2016-08-03 02:02:14,11,10,Rose,none,6158,1742
760893934457552897,1,Blenheim_spaniel,2016-08-03 17:43:45,11,10,Wishes,doggo,3564,885
761004547850530816,1,golden_retriever,2016-08-04 01:03:17,11,10,Ty,none,10614,3200
761227390836215808,1,French_bulldog,2016-08-04 15:48:47,10,10,Albert,none,4981,1437
761292947749015552,1,standard_poodle,2016-08-04 20:09:17,11,10,Bonaparte,none,4174,997
761334018830917632,1,Norwegian_elkhound,2016-08-04 22:52:29,10,10,Bruce,none,4810,1332
761599872357261312,1,Gordon_setter,2016-08-05 16:28:54,11,10,Sephie,none,3870,1096
761976711479193600,3,Labrador_retriever,2016-08-06 17:26:19,12,10,Shelby,none,5026,1815
762464539388485633,4,chow,2016-08-08 01:44:46,12,10,Buddy,none,9609,3806
762471784394268675,1,Samoyed,2016-08-08 02:13:34,12,10,Glenn,none,10487,5877
762699858130116608,1,kelpie,2016-08-08 17:19:51,11,10,Leela,none,11323,3292
763103485927849985,2,chow,2016-08-09 20:03:43,10,10,Belle,none,6899,2108
763183847194451968,1,miniature_poodle,2016-08-10 01:23:03,8,10,Clark,none,5043,1351
763837565564780549,1,malamute,2016-08-11 20:40:41,11,10,Alfie,none,11714,3790
764259802650378240,1,German_shepherd,2016-08-13 00:38:30,10,10,Kota,none,5622,1382
764857477905154048,1,Bernese_mountain_dog,2016-08-14 16:13:27,12,10,Aubie,none,6052,1641
765222098633691136,1,dalmatian,2016-08-15 16:22:20,10,10,Gromit,none,10876,3101
765371061932261376,2,golden_retriever,2016-08-16 02:14:15,11,10,Louie,pupper,6651,1995
765395769549590528,1,Pembroke,2016-08-16 03:52:26,13,10,Zoey,none,25033,3097
765669560888528897,1,beagle,2016-08-16 22:00:23,12,10,Tove,none,4839,1127
765719909049503744,1,golden_retriever,2016-08-17 01:20:27,12,10,Brat,none,6781,1983
766008592277377025,1,Welsh_springer_spaniel,2016-08-17 20:27:34,11,10,Angel,none,3525,456
766069199026450432,1,redbone,2016-08-18 00:28:24,12,10,none,none,3926,769
766313316352462849,1,toy_poodle,2016-08-18 16:38:26,12,10,Oscar,none,6324,1725
766423258543644672,2,keeshond,2016-08-18 23:55:18,9,10,Shadoe,none,5616,1448
766693177336135680,1,Doberman,2016-08-19 17:47:52,11,10,Brudge,none,3784,727
766793450729734144,1,beagle,2016-08-20 00:26:19,10,10,Rufus,none,4723,1249
767122157629476866,2,toy_poodle,2016-08-20 22:12:29,13,10,Rupert,none,9515,2627
767500508068192258,1,chow,2016-08-21 23:15:55,12,10,Louie,none,7016,2136
767754930266464257,1,vizsla,2016-08-22 16:06:54,11,10,Philbert,none,14933,4938
768473857036525572,1,Labrador_retriever,2016-08-24 15:43:39,11,10,Chevy,none,12734,3147
768596291618299904,1,Great_Pyrenees,2016-08-24 23:50:10,12,10,Oakle,none,4725,1184
768609597686943744,1,basenji,2016-08-25 00:43:02,10,10,Lou,none,3842,1094
768855141948723200,1,chow,2016-08-25 16:58:45,11,10,Jesse,none,3919,819
768970937022709760,1,Pomeranian,2016-08-26 00:38:52,12,10,Kirby,none,13354,5972
769212283578875904,1,golden_retriever,2016-08-26 16:37:54,12,10,DonDon,none,5067,1592
769695466921623552,1,pug,2016-08-28 00:37:54,13,10,Titan,none,6024,1556
769940425801170949,1,miniature_pinscher,2016-08-28 16:51:16,12,10,Klein,none,29172,8794
770069151037685760,1,Boston_bull,2016-08-29 01:22:47,10,10,Carbon,none,7113,2115
770293558247038976,1,Italian_greyhound,2016-08-29 16:14:30,10,10,Jackson,none,5833,1351
770414278348247044,1,golden_retriever,2016-08-30 00:14:12,11,10,MeetAlCabone,none,5918,1918
770772759874076672,1,chow,2016-08-30 23:58:40,11,10,Sebastian,none,4873,1319
770787852854652928,1,Bernese_mountain_dog,2016-08-31 00:58:39,10,10,Winston,none,4603,1099
771102124360998913,1,Labrador_retriever,2016-08-31 21:47:27,12,10,Charlie,none,5846,1324
771136648247640064,1,golden_retriever,2016-09-01 00:04:38,11,10,Dixie,none,8576,2699
771380798096281600,1,collie,2016-09-01 16:14:48,11,10,Fizz,none,9877,4650
771500966810099713,1,Labrador_retriever,2016-09-02 00:12:18,12,10,Dakota,none,7737,2412
771770456517009408,1,papillon,2016-09-02 18:03:10,11,10,Davey,none,11244,3130
772102971039580160,1,Pembroke,2016-09-03 16:04:27,11,10,Penny,none,3760,861
772114945936949249,1,Chihuahua,2016-09-03 16:52:02,10,10,Finn,none,2574,440
772117678702071809,1,Labrador_retriever,2016-09-03 17:02:54,12,10,Jack,none,3536,684
772152991789019136,2,golden_retriever,2016-09-03 19:23:13,10,10,none,none,3577,1048
772193107915964416,1,Pembroke,2016-09-03 22:02:38,12,10,Willem,none,5654,1284
772581559778025472,3,Newfoundland,2016-09-04 23:46:12,10,10,Guys,none,6085,1577
772826264096874500,1,basset,2016-09-05 15:58:34,11,10,Roosevelt,none,7551,2199
772877495989305348,1,Norwegian_elkhound,2016-09-05 19:22:09,11,10,none,none,8020,3567
773191612633579521,1,Blenheim_spaniel,2016-09-06 16:10:20,12,10,Grey,none,9348,3789
773247561583001600,1,miniature_pinscher,2016-09-06 19:52:39,10,10,Chip,none,8853,2990
773308824254029826,1,Labrador_retriever,2016-09-06 23:56:05,12,10,Bungalo,none,21899,6921
773547596996571136,1,Norwegian_elkhound,2016-09-07 15:44:53,11,10,Chelsea,pupper,20753,5668
773670353721753600,1,Old_English_sheepdog,2016-09-07 23:52:41,10,10,Shakespeare,none,5037,1219
773704687002451968,2,silky_terrier,2016-09-08 02:09:06,12,10,Loki,none,6214,1493
773922284943896577,1,Pomeranian,2016-09-08 16:33:46,12,10,Heinrich,none,6031,1614
773985732834758656,4,pug,2016-09-08 20:45:53,11,10,Winnie,pupper,10119,3573
774314403806253056,3,Eskimo_dog,2016-09-09 18:31:54,14,10,THE,none,20467,5056
774639387460112384,1,Walker_hound,2016-09-10 16:03:16,10,10,Sprinkles,none,6340,1609
774757898236878852,1,toy_poodle,2016-09-10 23:54:11,12,10,Finley,none,8109,1650
775085132600442880,1,chow,2016-09-11 21:34:30,13,10,Tucker,none,14582,4351
775364825476165632,3,beagle,2016-09-12 16:05:54,11,10,Finley,doggo,6921,2706
775842724423557120,2,chow,2016-09-13 23:44:54,12,10,Blue,none,11001,2453
776088319444877312,3,pug,2016-09-14 16:00:49,10,10,none,none,1711,141
776201521193218049,1,Rottweiler,2016-09-14 23:30:38,10,10,none,none,8995,2328
776218204058357768,1,Samoyed,2016-09-15 00:36:55,13,10,Atlas,none,27985,14630
776477788987613185,1,Labrador_retriever,2016-09-15 17:48:25,11,10,Huck,pupper,8218,2546
776813020089548800,1,toy_poodle,2016-09-16 16:00:31,12,10,Solomon,none,4595,1110
777189768882946048,2,Chihuahua,2016-09-17 16:57:35,12,10,Jeffrey,none,13268,3970
777621514455814149,1,chow,2016-09-18 21:33:11,12,10,Derek,none,8193,2328
777684233540206592,1,cocker_spaniel,2016-09-19 01:42:24,12,10,none,none,10576,2716
777885040357281792,1,Afghan_hound,2016-09-19 15:00:20,3,10,Wesley,none,5978,1511
778039087836069888,2,German_shepherd,2016-09-20 01:12:28,12,10,Max,pupper,7951,2451
778286810187399168,1,Boston_bull,2016-09-20 17:36:50,11,10,Stanley,none,9704,3051
778383385161035776,1,collie,2016-09-21 00:00:35,13,10,Nala,none,5493,1017
778408200802557953,3,Pembroke,2016-09-21 01:39:11,14,10,RIPLoki,none,12827,3991
778624900596654080,2,Airedale,2016-09-21 16:00:17,11,10,Penny,none,4327,940
778650543019483137,1,German_shepherd,2016-09-21 17:42:10,10,10,Strider,none,5405,1383
778748913645780993,1,Staffordshire_bullterrier,2016-09-22 00:13:04,11,10,Mya,none,6440,1203
778990705243029504,2,cocker_spaniel,2016-09-22 16:13:51,11,10,Jay,none,18693,6628
779056095788752897,1,Chihuahua,2016-09-22 20:33:42,13,10,none,none,13841,4191
779834332596887552,1,golden_retriever,2016-09-25 00:06:08,11,10,Scout,none,17671,6477
780192070812196864,1,vizsla,2016-09-25 23:47:39,11,10,Pls,none,8185,2074
780459368902959104,1,Great_Dane,2016-09-26 17:29:48,11,10,Bear,none,4977,999
780543529827336192,1,golden_retriever,2016-09-26 23:04:13,12,10,none,none,5933,1624
780601303617732608,1,Saint_Bernard,2016-09-27 02:53:48,12,10,Hercules,none,11388,3111
780800785462489090,2,Siberian_husky,2016-09-27 16:06:28,11,10,Koda,none,5172,1197
780858289093574656,1,Chesapeake_Bay_retriever,2016-09-27 19:54:58,10,10,Dash,none,6775,1854
781163403222056960,1,Shetland_sheepdog,2016-09-28 16:07:23,10,10,none,none,9237,2572
781251288990355457,2,Mexican_hairless,2016-09-28 21:56:36,11,10,Oakley,none,7891,1919
781524693396357120,1,Chesapeake_Bay_retriever,2016-09-29 16:03:01,12,10,Idk,none,19504,5124
781661882474196992,1,Pembroke,2016-09-30 01:08:10,5,10,none,none,9843,2508
782305867769217024,1,briard,2016-10-01 19:47:08,12,10,Sampson,doggo,15657,5106
782598640137187329,1,malamute,2016-10-02 15:10:30,11,10,Timmy,none,7357,1764
782722598790725632,1,Irish_setter,2016-10-02 23:23:04,10,10,Penny,none,16224,4990
782747134529531904,1,golden_retriever,2016-10-03 01:00:34,11,10,Deacon,doggo,7052,1314
782969140009107456,1,golden_retriever,2016-10-03 15:42:44,12,10,Cali,none,22725,6862
783085703974514689,1,Chesapeake_Bay_retriever,2016-10-03 23:25:55,11,10,Earl,none,7704,2016
783334639985389568,2,Cardigan,2016-10-04 15:55:06,12,10,Dave,none,27370,10827
783391753726550016,4,Norwegian_elkhound,2016-10-04 19:42:03,13,10,Godi,none,15928,5069
783466772167098368,1,Chihuahua,2016-10-05 00:40:09,11,10,Finn,none,7941,2072
783695101801398276,3,chow,2016-10-05 15:47:27,12,10,Loomis,none,9830,2980
783821107061198850,1,Lakeland_terrier,2016-10-06 00:08:09,12,10,Mairi,none,6950,1818
784431430411685888,1,miniature_poodle,2016-10-07 16:33:21,12,10,Stormy,none,5429,1180
784517518371221505,2,malamute,2016-10-07 22:15:26,11,10,Frankie,none,8457,2355
784826020293709826,1,chow,2016-10-08 18:41:19,13,10,Rusty,none,9544,2997
785170936622350336,2,Eskimo_dog,2016-10-09 17:31:53,11,10,Hero,none,11321,4472
785264754247995392,1,chow,2016-10-09 23:44:41,12,10,Doc,none,6885,1511
785533386513321988,2,miniature_pinscher,2016-10-10 17:32:08,11,10,Dallas,none,8549,1831
785872687017132033,1,Great_Pyrenees,2016-10-11 16:00:24,12,10,Rusty,none,6317,1667
785927819176054784,1,toy_poodle,2016-10-11 19:39:28,12,10,Lucy,none,10765,2973
786233965241827333,1,Labrador_retriever,2016-10-12 15:55:59,11,10,Mattie,none,14360,4351
786363235746385920,1,golden_retriever,2016-10-13 00:29:39,13,10,Rizzo,none,10246,3204
786595970293370880,1,Pembroke,2016-10-13 15:54:28,11,10,Dale,none,8949,2900
786664955043049472,1,Leonberg,2016-10-13 20:28:35,12,10,KenBone,none,10010,2357
786963064373534720,1,golden_retriever,2016-10-14 16:13:10,12,10,Rory,none,25171,7398
787322443945877504,1,golden_retriever,2016-10-15 16:01:13,10,10,Lincoln,none,7360,1621
787397959788929025,1,Chihuahua,2016-10-15 21:01:17,11,10,Moose,none,10298,2652
787717603741622272,3,German_shepherd,2016-10-16 18:11:26,13,10,Tonks,none,9674,2575
787810552592695296,2,pug,2016-10-17 00:20:47,11,10,Frank,none,8121,2830
788150585577050112,3,chow,2016-10-17 22:51:57,13,10,Leo,none,5768,1196
788178268662984705,2,Samoyed,2016-10-18 00:41:57,13,10,Atlas,none,6870,1966
788412144018661376,1,golden_retriever,2016-10-18 16:11:17,11,10,Dexter,none,14660,4906
788765914992902144,1,cocker_spaniel,2016-10-19 15:37:03,12,10,none,none,25814,9621
788908386943430656,1,golden_retriever,2016-10-20 01:03:11,11,10,Lucy,none,25987,11666
789137962068021249,2,Chihuahua,2016-10-20 16:15:26,12,10,West,none,9203,2597
789268448748703744,1,malamute,2016-10-21 00:53:56,10,10,Stella,none,8623,2433
789530877013393408,3,schipperke,2016-10-21 18:16:44,12,10,Rizzy,none,11050,3144
789599242079838210,2,Chesapeake_Bay_retriever,2016-10-21 22:48:24,12,10,Brownie,none,6352,1785
789628658055020548,1,chow,2016-10-22 00:45:17,13,10,Eli,none,7054,1636
789986466051088384,1,golden_retriever,2016-10-23 00:27:05,12,10,Happy,none,8777,2138
790277117346975746,1,Labrador_retriever,2016-10-23 19:42:02,11,10,Bruce,none,11853,2943
790337589677002753,1,Pembroke,2016-10-23 23:42:19,12,10,Maggie,none,7404,1763
790581949425475584,2,malinois,2016-10-24 15:53:19,11,10,Duke,none,19475,6616
790698755171364864,1,Bernese_mountain_dog,2016-10-24 23:37:28,12,10,Mosby,none,7775,1795
790946055508652032,1,golden_retriever,2016-10-25 16:00:09,12,10,Betty,none,15816,4372
790987426131050500,1,cocker_spaniel,2016-10-25 18:44:32,12,10,Misty,none,9279,1982
791312159183634433,4,miniature_pinscher,2016-10-26 16:14:55,12,10,Mabel,none,8293,2356
791406955684368384,4,Pembroke,2016-10-26 22:31:36,12,10,Levi,none,12454,3841
791672322847637504,1,golden_retriever,2016-10-27 16:06:04,13,10,none,none,11108,2915
792050063153438720,2,komondor,2016-10-28 17:07:05,11,10,Remus,none,6763,1663
792394556390137856,2,cocker_spaniel,2016-10-29 15:55:58,12,10,BeBe,none,12664,3998
792773781206999040,1,Yorkshire_terrier,2016-10-30 17:02:53,12,10,Monster,none,6976,1566
792883833364439040,3,standard_poodle,2016-10-31 00:20:11,12,10,Bailey,none,10668,3990
793120401413079041,1,Labrador_retriever,2016-10-31 16:00:13,11,10,Robin,none,11979,3665
793150605191548928,1,Italian_greyhound,2016-10-31 18:00:14,11,10,Nida,none,5830,1590
793165685325201412,1,golden_retriever,2016-10-31 19:00:10,12,10,Benji,none,8873,2619
793180763617361921,1,Lakeland_terrier,2016-10-31 20:00:05,11,10,Newt,none,6541,1857
793195938047070209,2,Labrador_retriever,2016-10-31 21:00:23,12,10,Lily,puppo,14397,5253
793210959003287553,1,French_bulldog,2016-10-31 22:00:04,10,10,Maude,none,8449,2599
793226087023144960,1,wire-haired_fox_terrier,2016-10-31 23:00:11,11,10,Above,none,9252,2703
793241302385262592,1,golden_retriever,2016-11-01 00:00:38,13,10,Tucker,none,9946,3061
793256262322548741,1,basset,2016-11-01 01:00:05,12,10,none,none,18867,7766
793271401113350145,1,Siberian_husky,2016-11-01 02:00:14,12,10,Dave,none,8231,2236
793286476301799424,1,Afghan_hound,2016-11-01 03:00:09,13,10,Moreton,none,23261,8559
793500921481273345,2,golden_retriever,2016-11-01 17:12:16,12,10,Fiona,none,10081,2222
793601777308463104,1,miniature_pinscher,2016-11-01 23:53:02,12,10,Dobby,none,7556,1509
793845145112371200,1,Old_English_sheepdog,2016-11-02 16:00:06,13,10,Clark,none,8739,1739
793962221541933056,1,Labrador_retriever,2016-11-02 23:45:19,12,10,Maximus,none,15854,4555
794332329137291264,1,Samoyed,2016-11-04 00:15:59,12,10,Nimbus,none,9101,2528
794926597468000259,1,toy_poodle,2016-11-05 15:37:24,12,10,Mack,none,9647,2151
795400264262053889,2,golden_retriever,2016-11-06 22:59:35,12,10,Brody,none,9466,2671
795464331001561088,1,golden_retriever,2016-11-07 03:14:10,13,10,Elder,doggo,46600,21861
796031486298386433,1,golden_retriever,2016-11-08 16:47:50,13,10,Daisy,none,10231,3488
796080075804475393,1,chow,2016-11-08 20:00:55,12,10,Yogi,none,7993,2158
796116448414461957,1,Cardigan,2016-11-08 22:25:27,11,10,none,none,8607,2243
796149749086875649,1,golden_retriever,2016-11-09 00:37:46,11,10,Ruby,none,30388,13313
796387464403357696,1,Pekinese,2016-11-09 16:22:22,12,10,Snicku,none,10422,3875
796484825502875648,1,cocker_spaniel,2016-11-09 22:49:15,12,10,none,doggo,7155,1644
796759840936919040,1,American_Staffordshire_terrier,2016-11-10 17:02:03,11,10,Romeo,none,11170,2817
796865951799083009,1,Cardigan,2016-11-11 00:03:42,12,10,Tyr,none,7286,1824
797236660651966464,2,collie,2016-11-12 00:36:46,12,10,Pancake,none,18862,6125
797545162159308800,1,Pembroke,2016-11-12 21:02:38,12,10,Cassie,none,13835,4599
797971864723324932,1,American_Staffordshire_terrier,2016-11-14 01:18:12,12,10,none,none,10917,2880
798209839306514432,1,Pekinese,2016-11-14 17:03:50,13,10,Cooper,none,9892,2418
798925684722855936,1,West_Highland_white_terrier,2016-11-16 16:28:21,11,10,Shadow,none,7145,1354
798933969379225600,1,Siberian_husky,2016-11-16 17:01:16,12,10,Iroh,none,12366,4138
799063482566066176,2,Norfolk_terrier,2016-11-17 01:35:54,11,10,Mister,none,7661,2333
799297110730567681,1,malamute,2016-11-17 17:04:16,11,10,Jeffrey,none,9352,2549
799422933579902976,1,miniature_pinscher,2016-11-18 01:24:14,12,10,Longfellow,none,7667,1792
799757965289017345,1,Border_collie,2016-11-18 23:35:32,13,10,Sobe,none,7944,1996
800141422401830912,3,golden_retriever,2016-11-20 00:59:15,13,10,Peaches,none,14454,2383
800388270626521089,2,golden_retriever,2016-11-20 17:20:08,12,10,Doc,floofer,10567,2626
800513324630806528,1,Pembroke,2016-11-21 01:37:04,11,10,Chef,none,12447,2813
800751577355128832,2,cocker_spaniel,2016-11-21 17:23:47,12,10,Mauv,none,10062,2613
801115127852503040,1,dalmatian,2016-11-22 17:28:25,12,10,Bones,doggo,7658,1980
801167903437357056,1,cocker_spaniel,2016-11-22 20:58:07,13,10,Milo,none,23095,5490
801538201127157760,1,Pembroke,2016-11-23 21:29:33,12,10,Wallace,none,7792,1946
801958328846974976,1,Staffordshire_bullterrier,2016-11-25 01:18:59,12,10,Ronnie,none,7341,1592
802239329049477120,2,Eskimo_dog,2016-11-25 19:55:35,12,10,Loki,puppo,8620,2447
802572683846291456,1,golden_retriever,2016-11-26 18:00:13,12,10,Winnie,none,8486,2348
802952499103731712,1,chow,2016-11-27 19:09:28,12,10,Marley,none,8548,1865
803276597545603072,1,Pembroke,2016-11-28 16:37:19,11,10,Winston,none,9502,2288
803638050916102144,1,Labrador_retriever,2016-11-29 16:33:36,13,10,Pupper,none,10338,3870
803773340896923648,2,miniature_pinscher,2016-11-30 01:31:12,12,10,Diogi,none,9510,2576
804738756058218496,1,Tibetan_mastiff,2016-12-02 17:27:25,12,10,Django,none,12936,3589
805207613751304193,1,Pembroke,2016-12-04 00:30:29,12,10,Shooter,none,7444,1620
805520635690676224,1,malinois,2016-12-04 21:14:20,13,10,WonderDog,none,5461,1547
805826884734976000,1,Siberian_husky,2016-12-05 17:31:15,12,10,Duke,none,6215,1711
805932879469572096,1,Norwegian_elkhound,2016-12-06 00:32:26,12,10,none,none,7851,1794
806219024703037440,1,chow,2016-12-06 19:29:28,11,10,Freudian,none,6115,1130
806542213899489280,1,vizsla,2016-12-07 16:53:43,11,10,Waffles,none,9701,2207
806629075125202948,2,cocker_spaniel,2016-12-07 22:38:52,13,10,none,none,70295,32211
807010152071229440,1,golden_retriever,2016-12-08 23:53:08,12,10,Lennon,none,12424,3613
807106840509214720,1,Chihuahua,2016-12-09 06:17:20,13,10,Stephan,none,111080,51403
807621403335917568,3,golden_retriever,2016-12-10 16:22:02,14,10,OllieVue,pupper,13799,3371
808001312164028416,1,Labrador_retriever,2016-12-11 17:31:39,12,10,Cooper,none,11809,3294
808106460588765185,1,golden_retriever,2016-12-12 00:29:28,12,10,Burke,none,8364,2061
808501579447930884,2,Airedale,2016-12-13 02:39:32,12,10,Koda,none,10713,2446
808733504066486276,1,toy_poodle,2016-12-13 18:01:07,12,10,none,pupper,7465,2028
808838249661788160,1,Rottweiler,2016-12-14 00:57:20,13,10,Ito,none,9613,2854
809084759137812480,1,vizsla,2016-12-14 17:16:53,11,10,Wallace,none,12518,3281
809220051211603969,1,Pomeranian,2016-12-15 02:14:29,12,10,Kyro,none,18803,5224
809448704142938112,1,Greater_Swiss_Mountain_dog,2016-12-15 17:23:04,12,10,Sea,none,6585,1360
810254108431155201,1,Staffordshire_bullterrier,2016-12-17 22:43:27,12,10,none,none,13922,3150
810284430598270976,1,malamute,2016-12-18 00:43:57,13,10,Phil,none,33179,10460
810657578271330305,1,malamute,2016-12-19 01:26:42,11,10,Pavlov,none,10390,2458
810896069567610880,1,flat-coated_retriever,2016-12-19 17:14:23,11,10,Hunter,none,8495,1637
811386762094317568,1,Pembroke,2016-12-21 01:44:13,11,10,Craig,none,19774,5952
811627233043480576,1,beagle,2016-12-21 17:39:46,10,10,Augie,none,12015,2835
811744202451197953,1,Pekinese,2016-12-22 01:24:33,13,10,Halo,none,7132,1466
811985624773361665,1,Staffordshire_bullterrier,2016-12-22 17:23:53,11,10,Ted,none,6885,1304
812372279581671427,2,golden_retriever,2016-12-23 19:00:19,13,10,Moe,none,12883,3409
812466873996607488,1,Great_Dane,2016-12-24 01:16:12,12,10,Mary,none,7544,1796
812709060537683968,1,Irish_setter,2016-12-24 17:18:34,12,10,Brandi,none,6268,1347
812781120811126785,1,bull_mastiff,2016-12-24 22:04:54,10,10,Swagger,none,7127,1783
813051746834595840,1,golden_retriever,2016-12-25 16:00:16,13,10,Bauer,none,19853,6817
813066809284972545,1,toy_terrier,2016-12-25 17:00:08,12,10,Tyr,none,7523,1821
813081950185472002,2,Doberman,2016-12-25 18:00:17,11,10,Baron,none,9395,2584
813096984823349248,1,Great_Dane,2016-12-25 19:00:02,11,10,Rocky,none,9983,3367
813112105746448384,1,Pembroke,2016-12-25 20:00:07,12,10,Toby,none,9768,2554
813127251579564032,1,Norwegian_elkhound,2016-12-25 21:00:18,11,10,Christmas,doggo,11175,2908
813142292504645637,3,beagle,2016-12-25 22:00:04,13,10,Santa,none,8057,2236
813157409116065792,2,Pembroke,2016-12-25 23:00:08,12,10,Layla,none,7350,2059
813172488309972993,1,golden_retriever,2016-12-26 00:00:03,12,10,Eleanor,none,8769,1799
813187593374461952,1,golden_retriever,2016-12-26 01:00:05,13,10,none,none,18750,4027
813202720496779264,1,cocker_spaniel,2016-12-26 02:00:11,11,10,Christmas,doggo,8741,1699
813217897535406080,1,Samoyed,2016-12-26 03:00:30,13,10,Atlas,none,17613,6822
813800681631023104,1,malamute,2016-12-27 17:36:16,12,10,Sky,none,7862,1640
813812741911748608,1,French_bulldog,2016-12-27 18:24:12,14,10,Gary,none,34500,12988
813910438903693312,1,Siberian_husky,2016-12-28 00:52:25,11,10,Chubbs,none,8827,1724
814153002265309185,1,golden_retriever,2016-12-28 16:56:16,12,10,Oshie,none,27123,8070
814530161257443328,1,miniature_poodle,2016-12-29 17:54:58,12,10,Alf,none,8188,1732
814638523311648768,2,golden_retriever,2016-12-30 01:05:33,12,10,Olivia,none,10655,2515
814986499976527872,1,dalmatian,2016-12-31 00:08:17,11,10,Cooper,none,7233,1183
815639385530101762,1,German_shepherd,2017-01-01 19:22:38,12,10,Titan,none,7793,1547
815736392542261248,3,Border_collie,2017-01-02 01:48:06,11,10,Akumi,none,9277,2108
815966073409433600,1,Tibetan_mastiff,2017-01-02 17:00:46,13,10,none,pupper,21054,7832
815990720817401858,1,Chihuahua,2017-01-02 18:38:42,11,10,Jack,none,4676,942
816091915477250048,3,Pomeranian,2017-01-03 01:20:49,12,10,Comet,none,8454,1977
816336735214911488,1,Labrador_retriever,2017-01-03 17:33:39,11,10,Dudley,none,8145,1793
816697700272001025,1,Chihuahua,2017-01-04 17:27:59,12,10,Binky,none,9205,2044
816816676327063552,1,malamute,2017-01-05 01:20:46,12,10,Christmas,none,9439,1884
817056546584727552,1,kelpie,2017-01-05 17:13:55,11,10,Chloe,none,8102,1509
817120970343411712,1,Saluki,2017-01-05 21:29:55,13,10,none,none,11495,2404
817171292965273600,1,golden_retriever,2017-01-06 00:49:53,13,10,Tebow,none,8277,1856
817415592588222464,1,Doberman,2017-01-06 17:00:38,11,10,Strudel,none,5277,885
817423860136083457,1,Samoyed,2017-01-06 17:33:29,13,10,Ken,none,31720,13525
817536400337801217,2,pug,2017-01-07 01:00:41,12,10,Eugen,none,11071,2719
817777686764523521,1,curly-coated_retriever,2017-01-07 16:59:28,13,10,Dido,none,10189,2512
817827839487737858,1,cocker_spaniel,2017-01-07 20:18:46,13,10,Buddy,none,48415,25000
818145370475810820,1,golden_retriever,2017-01-08 17:20:31,11,10,Autumn,none,11578,2358
818259473185828864,1,miniature_schnauzer,2017-01-09 00:53:55,12,10,Florence,none,10378,2072
818536468981415936,1,Welsh_springer_spaniel,2017-01-09 19:14:36,11,10,Tom,none,10220,2262
818614493328580609,4,Chihuahua,2017-01-10 00:24:38,12,10,Bear,none,9269,2345
818627210458333184,1,Labrador_retriever,2017-01-10 01:15:10,13,10,Wafer,none,21148,7034
819004803107983360,1,standard_poodle,2017-01-11 02:15:36,14,10,none,none,82386,34408
819227688460238848,1,Border_terrier,2017-01-11 17:01:16,12,10,Finn,none,21722,6211
819347104292290561,3,Rottweiler,2017-01-12 00:55:47,12,10,Ann,none,6812,1115
819588359383371776,1,Cardigan,2017-01-12 16:54:26,13,10,Jazzy,none,9127,1863
819711362133872643,2,toy_poodle,2017-01-13 01:03:12,11,10,Howie,none,12573,2856
819952236453363712,1,American_Staffordshire_terrier,2017-01-13 17:00:21,13,10,Oliver,puppo,5002,1079
820314633777061888,2,Gordon_setter,2017-01-14 17:00:24,14,10,none,none,3152,521
820749716845686786,2,golden_retriever,2017-01-15 21:49:15,13,10,Sunny,none,29718,9152
821044531881721856,1,Old_English_sheepdog,2017-01-16 17:20:45,12,10,Flash,none,11893,2114
821107785811234820,1,Pomeranian,2017-01-16 21:32:06,11,10,none,doggo,9030,1962
821149554670182400,1,German_shepherd,2017-01-17 00:18:04,12,10,Luca,none,8084,1818
821407182352777218,1,Irish_setter,2017-01-17 17:21:47,14,10,Sundance,doggo,11062,3977
821522889702862852,1,Doberman,2017-01-18 01:01:34,13,10,Harlso,none,7542,1625
821765923262631936,1,golden_retriever,2017-01-18 17:07:18,13,10,Duchess,doggo,7887,1553
821886076407029760,1,golden_retriever,2017-01-19 01:04:45,13,10,Jimison,none,10641,2130
822244816520155136,1,Samoyed,2017-01-20 00:50:15,11,10,none,none,32999,9180
822462944365645825,3,Pomeranian,2017-01-20 15:17:01,14,10,Gabe,none,26204,13078
822489057087389700,1,Samoyed,2017-01-20 17:00:46,13,10,Paisley,none,17055,5931
822859134160621569,1,malinois,2017-01-21 17:31:20,12,10,Hobbes,none,12409,2104
822872901745569793,1,Lakeland_terrier,2017-01-21 18:26:02,13,10,Toronto,puppo,123646,39740
822975315408461824,1,Pembroke,2017-01-22 01:12:59,12,10,Albus,none,16314,3187
823322678127919110,2,Chihuahua,2017-01-23 00:13:17,11,10,Wyatt,none,14774,3701
823581115634085888,1,German_shepherd,2017-01-23 17:20:14,11,10,Crawford,none,12213,2433
823699002998870016,1,cairn,2017-01-24 01:08:40,12,10,Winston,none,13159,2329
823939628516474880,1,schipperke,2017-01-24 17:04:50,12,10,Cash,none,10026,2523
824325613288833024,1,Pembroke,2017-01-25 18:38:36,13,10,BellLetsTalk,pupper,11133,9852
824663926340194305,1,English_setter,2017-01-26 17:02:56,13,10,Wilson,none,9905,1633
824775126675836928,1,Border_terrier,2017-01-27 00:24:48,12,10,Scooter,none,14002,3258
825026590719483904,2,Eskimo_dog,2017-01-27 17:04:02,12,10,Pablo,none,5888,1165
825147591692263424,1,Pekinese,2017-01-28 01:04:51,13,10,SweetPea,none,17198,4165
825535076884762624,1,Rottweiler,2017-01-29 02:44:34,14,10,none,none,53798,16299
825829644528148480,2,Great_Pyrenees,2017-01-29 22:15:05,12,10,Toby,none,11983,2323
826115272272650244,1,golden_retriever,2017-01-30 17:10:04,13,10,Ike,none,14688,2853
826204788643753985,2,Labrador_retriever,2017-01-30 23:05:46,13,10,Dew,doggo,4582,855
826240494070030336,1,French_bulldog,2017-01-31 01:27:39,11,10,AlbanianStreetMoose,none,12494,2409
826476773533745153,1,German_shepherd,2017-01-31 17:06:32,12,10,Pilot,doggo,17309,3880
826598365270007810,1,French_bulldog,2017-02-01 01:09:42,13,10,Pawnd,none,9414,2172
826848821049180160,4,Great_Pyrenees,2017-02-01 17:44:55,13,10,Cupid,doggo,33918,9302
826958653328592898,1,golden_retriever,2017-02-02 01:01:21,12,10,Loki,none,20248,4590
827199976799354881,4,Great_Dane,2017-02-02 17:00:17,13,10,Charlie,none,9968,2053
827324948884643840,1,golden_retriever,2017-02-03 01:16:53,12,10,Ralphie,none,14902,2797
827600520311402496,1,Pembroke,2017-02-03 19:31:54,13,10,Tucker,none,7042,863
827653905312006145,1,collie,2017-02-03 23:04:02,12,10,Boots,none,14543,2787
827933404142436356,2,German_shepherd,2017-02-04 17:34:40,12,10,Kona,none,18777,4808
828011680017821696,1,American_Staffordshire_terrier,2017-02-04 22:45:42,11,10,Brutu,none,9747,1981
828372645993398273,1,malamute,2017-02-05 22:40:03,12,10,AlexanderHamilpup,none,11836,2720
828376505180889089,1,American_Staffordshire_terrier,2017-02-05 22:55:23,13,10,Beebop,none,6969,990
828381636999917570,1,Bedlington_terrier,2017-02-05 23:15:47,14,10,Doobert,none,11827,2054
828408677031882754,1,Weimaraner,2017-02-06 01:03:14,12,10,Bear,none,7227,1182
828409743546925057,1,toy_poodle,2017-02-06 01:07:28,12,10,MuttRyan,none,6027,1078
828650029636317184,1,golden_retriever,2017-02-06 17:02:17,14,10,Grace,none,8925,1232
828708714936930305,1,Mexican_hairless,2017-02-06 20:55:28,10,10,Fiona,none,34134,10285
828770345708580865,1,Chesapeake_Bay_retriever,2017-02-07 01:00:22,13,10,Alfie,none,24009,5378
829011960981237760,2,boxer,2017-02-07 17:00:28,13,10,Dexter,none,50142,15049
829141528400556032,2,golden_retriever,2017-02-08 01:35:19,12,10,Malcolm,none,22849,6742
829449946868879360,1,Labrador_retriever,2017-02-08 22:00:52,11,10,none,none,9842,1854
829501995190984704,1,French_bulldog,2017-02-09 01:27:41,12,10,Leo,none,29803,9740
829861396166877184,1,Border_terrier,2017-02-10 01:15:49,12,10,Mia,none,11476,1789
830097400375152640,4,toy_poodle,2017-02-10 16:53:37,13,10,Samson,none,9130,2685
830583320585068544,1,Labrador_retriever,2017-02-12 01:04:29,13,10,Lilly,none,62228,15363
830956169170665475,1,kuvasz,2017-02-13 01:46:03,12,10,Reggie,none,7480,1373
831262627380748289,1,cocker_spaniel,2017-02-13 22:03:49,12,10,Tucker,none,11114,1883
831309418084069378,1,Doberman,2017-02-14 01:09:44,12,10,Scooter,none,11056,2256
831315979191906304,4,briard,2017-02-14 01:35:49,13,10,WKCDogShow,pupper,6160,1035
831322785565769729,1,Old_English_sheepdog,2017-02-14 02:02:51,12,10,Pete,none,8730,1437
831552930092285952,1,Chihuahua,2017-02-14 17:17:22,13,10,Dutch,none,8437,2152
831650051525054464,1,Eskimo_dog,2017-02-14 23:43:18,13,10,Blue,none,6660,1782
831670449226514432,1,Pembroke,2017-02-15 01:04:21,13,10,Daisy,none,9764,1684
831911600680497154,4,bloodhound,2017-02-15 17:02:36,14,10,Kuyu,none,25757,5954
831939777352105988,1,Pomeranian,2017-02-15 18:54:34,12,10,Emanuel,none,22408,5640
832032802820481025,1,whippet,2017-02-16 01:04:13,12,10,Miguel,doggo,16726,4291
832273440279240704,1,Pembroke,2017-02-16 17:00:25,14,10,Smiley,doggo,10629,2139
832369877331693569,1,kelpie,2017-02-16 23:23:38,11,10,Charlie,none,16031,2912
832397543355072512,1,Pekinese,2017-02-17 01:13:34,12,10,Eevee,none,11215,2034
832636094638288896,1,Eskimo_dog,2017-02-17 17:01:29,12,10,none,none,14855,2552
832757312314028032,2,Cardigan,2017-02-18 01:03:09,13,10,Willow,none,15822,3312
832998151111966721,1,boxer,2017-02-18 17:00:10,13,10,Rhino,doggo,12390,2006
833124694597443584,3,Cardigan,2017-02-19 01:23:00,12,10,Gidget,none,18943,4430
833479644947025920,3,golden_retriever,2017-02-20 00:53:27,13,10,Poppy,none,13974,1882
833722901757046785,1,West_Highland_white_terrier,2017-02-20 17:00:04,13,10,Bronte,none,19618,2989
833826103416520705,1,Chihuahua,2017-02-20 23:50:09,13,10,Charlie,none,17037,3482
833863086058651648,1,kuvasz,2017-02-21 02:17:06,12,10,Bentley,none,12589,2202
834086379323871233,1,Labrador_retriever,2017-02-21 17:04:24,12,10,Lipton,none,12203,2036
834209720923721728,1,golden_retriever,2017-02-22 01:14:30,12,10,Wilson,none,19193,4316
834458053273591808,1,Rhodesian_ridgeback,2017-02-22 17:41:18,12,10,Cheste,none,9009,1543
834574053763584002,1,golden_retriever,2017-02-23 01:22:14,13,10,Sneaky,doggo,12772,2308
834786237630337024,1,Border_terrier,2017-02-23 15:25:23,13,10,Tobi,none,20167,5101
834931633769889797,1,soft-coated_wheaten_terrier,2017-02-24 01:03:08,12,10,Tucker,none,10071,1486
835152434251116546,3,American_Staffordshire_terrier,2017-02-24 15:40:31,0,10,none,none,20874,2755
835172783151792128,2,Border_collie,2017-02-24 17:01:22,12,10,TonguedHousePanda,none,24508,5283
835264098648616962,2,Chesapeake_Bay_retriever,2017-02-24 23:04:14,12,10,Lola,none,7208,1539
835297930240217089,1,Rottweiler,2017-02-25 01:18:40,12,10,Ash,none,15396,2733
835574547218894849,1,Staffordshire_bullterrier,2017-02-25 19:37:50,11,10,Eli,none,16604,3291
836001077879255040,4,Samoyed,2017-02-26 23:52:43,13,10,Atlas,none,17850,3877
836260088725786625,1,borzoi,2017-02-27 17:01:56,13,10,Lucy,none,19909,3971
836753516572119041,1,schipperke,2017-03-01 01:42:39,12,10,Meera,doggo,18065,4254
836989968035819520,1,toy_poodle,2017-03-01 17:22:13,12,10,Mookie,none,11919,2107
837110210464448512,1,Siberian_husky,2017-03-02 01:20:01,13,10,Clark,pupper,15042,2173
837471256429613056,1,Norwegian_elkhound,2017-03-03 01:14:41,12,10,none,none,11960,2058
837820167694528512,1,golden_retriever,2017-03-04 00:21:08,12,10,none,pupper,31758,7133
838083903487373313,2,chow,2017-03-04 17:49:08,13,10,Daisy,none,16420,2831
838476387338051585,3,Great_Pyrenees,2017-03-05 19:48:43,13,10,Stanley,none,20906,4330
838561493054533637,1,kelpie,2017-03-06 01:26:54,13,10,Walter,none,10217,1229
838921590096166913,1,Border_terrier,2017-03-07 01:17:48,13,10,Arlo,none,10383,1852
839239871831150596,3,Leonberg,2017-03-07 22:22:32,13,10,Odie,none,25178,5917
839549326359670784,1,Norwich_terrier,2017-03-08 18:52:12,12,10,Winston,none,25510,7047
839990271299457024,2,Staffordshire_bullterrier,2017-03-10 00:04:21,13,10,MeetSojourner,none,12505,2063
840268004936019968,3,Chesapeake_Bay_retriever,2017-03-10 18:27:58,12,10,Monty,none,17833,5202
840632337062862849,1,golden_retriever,2017-03-11 18:35:42,12,10,Maddi,none,8399,1618
841077006473256960,1,Brittany_spaniel,2017-03-13 00:02:39,12,10,Dawn,none,21294,4877
841314665196081154,1,Afghan_hound,2017-03-13 15:47:01,13,10,Max,none,14702,4221
841439858740625411,3,Labrador_retriever,2017-03-14 00:04:30,14,10,none,none,11689,3303
841680585030541313,1,Chihuahua,2017-03-14 16:01:03,12,10,Penny,none,23985,7135
842115215311396866,1,chow,2017-03-15 20:48:07,12,10,Bentley,none,12996,2754
842163532590374912,2,French_bulldog,2017-03-16 00:00:07,12,10,George,none,22663,5245
842535590457499648,1,Pembroke,2017-03-17 00:38:32,13,10,Winnie,none,16865,3163
842765311967449089,1,Labrador_retriever,2017-03-17 15:51:22,12,10,Indie,none,6279,1175
842846295480000512,1,Labrador_retriever,2017-03-17 21:13:10,13,10,Charlie,none,14183,3311
843235543001513987,1,Pembroke,2017-03-18 22:59:54,13,10,Tycho,none,19909,5383
843604394117681152,1,Labrador_retriever,2017-03-19 23:25:35,11,10,Hank,none,15654,2475
843856843873095681,1,Labrador_retriever,2017-03-20 16:08:44,12,10,Sadi,none,19902,4160
844223788422217728,1,Labrador_retriever,2017-03-21 16:26:50,12,10,Margo,none,12664,1985
844973813909606400,1,Labrador_retriever,2017-03-23 18:07:10,12,10,Brady,none,13896,2840
845306882940190720,1,Irish_water_spaniel,2017-03-24 16:10:40,12,10,Pickles,none,21560,4844
845397057150107648,1,Dandie_Dinmont,2017-03-24 22:08:59,13,10,Mimosa,doggo,7070,1616
845812042753855489,1,Samoyed,2017-03-26 01:38:00,13,10,none,none,26920,7842
846042936437604353,1,golden_retriever,2017-03-26 16:55:29,12,10,Jarvis,none,14770,2581
846153765933735936,1,giant_schnauzer,2017-03-27 00:15:53,13,10,Vixen,none,28998,8146
846514051647705089,2,golden_retriever,2017-03-28 00:07:32,13,10,Barney,none,41060,10342
846874817362120707,2,Shetland_sheepdog,2017-03-29 00:01:05,13,10,Tuck,none,18568,3540
847116187444137987,1,American_Staffordshire_terrier,2017-03-29 16:00:12,11,10,Unbelievable,none,19824,2868
847157206088847362,2,Staffordshire_bullterrier,2017-03-29 18:43:12,11,10,Daisy,none,18332,5242
847251039262605312,1,Airedale,2017-03-30 00:56:03,12,10,Furzey,none,18919,3907
847606175596138505,1,Cardigan,2017-03-31 00:27:14,12,10,Cannon,none,17309,3075
847842811428974592,1,Bernese_mountain_dog,2017-03-31 16:07:33,12,10,Rontu,none,4997,1186
848212111729840128,1,Bedlington_terrier,2017-04-01 16:35:01,6,10,Jerry,none,14997,2711
848324959059550208,1,malamute,2017-04-02 00:03:26,12,10,Odin,none,22766,4141
849412302885593088,4,schipperke,2017-04-05 00:04:08,12,10,Noosh,none,14638,2820
849776966551130114,2,Chihuahua,2017-04-06 00:13:11,12,10,none,none,27847,6794
850019790995546112,3,Shetland_sheepdog,2017-04-06 16:18:05,12,10,Boomer,none,18714,4354
850145622816686080,2,kelpie,2017-04-07 00:38:06,11,10,Riley,none,14992,3384
850380195714523136,1,Yorkshire_terrier,2017-04-07 16:10:12,13,10,Leo,none,12039,2324
850753642995093505,1,pug,2017-04-08 16:54:09,11,10,Kyle,none,28054,8051
851224888060895234,3,standard_poodle,2017-04-10 00:06:42,13,10,Snoop,none,18982,5156
851591660324737024,1,Cardigan,2017-04-11 00:24:08,11,10,none,none,14918,3117
852189679701164033,1,Bernese_mountain_dog,2017-04-12 16:00:27,12,10,none,none,10548,1414
852553447878664193,1,bloodhound,2017-04-13 16:05:56,13,10,Jarod,none,14840,3099
852672615818899456,1,golden_retriever,2017-04-13 23:59:28,12,10,Aspen,none,13606,1903
852912242202992640,1,Great_Dane,2017-04-14 15:51:39,12,10,Benny,none,8225,1590
853639147608842240,1,German_shepherd,2017-04-16 16:00:07,13,10,none,none,31436,8833
853760880890318849,1,miniature_pinscher,2017-04-17 00:03:50,12,10,Alice,none,25990,5102
854010172552949760,1,English_springer,2017-04-17 16:34:26,11,10,Canadian,none,14791,2783
854120357044912130,4,black-and-tan_coonhound,2017-04-17 23:52:16,14,10,Cooper,pupper,29112,6569
854365224396361728,1,Pembroke,2017-04-18 16:05:17,13,10,Einstein,none,17146,4132
854482394044301312,1,Chihuahua,2017-04-18 23:50:52,13,10,Arya,none,26489,5998
854732716440526848,1,Pembroke,2017-04-19 16:25:34,12,10,Marlee,none,20616,5324
855459453768019968,2,Blenheim_spaniel,2017-04-21 16:33:22,12,10,Guys,none,27016,7280
855851453814013952,1,flat-coated_retriever,2017-04-22 18:31:02,13,10,none,doggo,41806,16076
856282028240666624,4,Chihuahua,2017-04-23 23:01:59,14,10,Cermet,none,25137,5563
856543823941562368,1,Boston_bull,2017-04-24 16:22:16,12,10,Callie,none,14784,2535
857029823797047296,2,golden_retriever,2017-04-26 00:33:27,12,10,Zeke,none,16984,3471
857263160327368704,1,Samoyed,2017-04-26 16:00:39,13,10,Oscar,none,18191,3958
857393404942143489,3,malamute,2017-04-27 00:38:11,13,10,Meeko,none,5289,1437
857746408056729600,1,Labrador_retriever,2017-04-28 00:00:54,13,10,Thor,none,30699,9311
857989990357356544,1,French_bulldog,2017-04-28 16:08:49,12,10,Rosie,none,14436,2259
858107933456039936,1,golden_retriever,2017-04-28 23:57:28,12,10,Wyatt,none,14179,2532
858471635011153920,1,Pembroke,2017-04-30 00:02:42,13,10,Sophie,none,19412,4240
858843525470990336,1,golden_retriever,2017-05-01 00:40:27,13,10,Puppollock,doggo,14076,3018
859196978902773760,1,malamute,2017-05-02 00:04:57,12,10,none,none,80282,26168
859607811541651456,1,golden_retriever,2017-05-03 03:17:27,13,10,Sorry,none,16784,1359
859851578198683649,4,Labrador_retriever,2017-05-03 19:26:06,13,10,Trooper,none,13943,3057
859924526012018688,1,French_bulldog,2017-05-04 00:15:58,12,10,Milky,none,17563,3572
860524505164394496,1,Bedlington_terrier,2017-05-05 16:00:04,13,10,Carl,none,21183,4583
860563773140209665,1,Cardigan,2017-05-05 18:36:06,13,10,Lorenzo,none,6695,1849
861005113778896900,1,German_shepherd,2017-05-06 23:49:50,12,10,Burt,none,14933,3319
861288531465048066,1,Bouvier_des_Flandres,2017-05-07 18:36:02,13,10,WANT,none,15288,3574
861383897657036800,1,Cardigan,2017-05-08 00:54:59,13,10,Hobbes,none,32154,9225
862096992088072192,2,chow,2017-05-10 00:08:34,13,10,none,none,65944,19897
862722525377298433,1,basset,2017-05-11 17:34:13,11,10,Dave,none,15284,3073
862831371563274240,2,Australian_terrier,2017-05-12 00:46:44,13,10,Zooey,none,17171,4442
863062471531167744,2,French_bulldog,2017-05-12 16:05:02,13,10,Quinn,none,7497,2084
863432100342583297,1,Staffordshire_bullterrier,2017-05-13 16:33:49,12,10,Belle,none,21220,4542
863553081350529029,1,Eskimo_dog,2017-05-14 00:34:33,13,10,Neptune,none,13624,3610
864197398364647424,4,golden_retriever,2017-05-15 19:14:50,13,10,Paisley,none,26540,7554
864279568663928832,1,bull_mastiff,2017-05-16 00:41:21,12,10,Meatball,none,13025,2570
865006731092295680,1,Pembroke,2017-05-18 00:50:50,13,10,Hawaiian,none,24936,6632
865359393868664832,2,Chesapeake_Bay_retriever,2017-05-19 00:12:11,13,10,Sammy,none,23481,4269
865718153858494464,1,golden_retriever,2017-05-19 23:57:46,13,10,Boomer,none,22835,4813
866334964761202691,1,Samoyed,2017-05-21 16:48:45,12,10,Coco,none,46394,12157
866450705531457537,2,French_bulldog,2017-05-22 00:28:40,13,10,Jamesy,pupper,108463,30049
866686824827068416,1,flat-coated_retriever,2017-05-22 16:06:55,12,10,Lili,none,17051,2953
867051520902168576,1,Samoyed,2017-05-23 16:16:06,13,10,none,none,28598,6754
867421006826221569,1,Eskimo_dog,2017-05-24 16:44:18,12,10,Shikha,puppo,14293,2109
867774946302451713,2,Border_collie,2017-05-25 16:10:44,13,10,Harold,none,30155,6228
867900495410671616,1,Labrador_retriever,2017-05-26 00:29:37,12,10,Pixar,none,21513,3554
868552278524837888,1,whippet,2017-05-27 19:39:34,12,10,Cooper,none,8926,1742
868622495443632128,1,Labrador_retriever,2017-05-28 00:18:35,13,10,none,none,23538,4442
868880397819494401,1,French_bulldog,2017-05-28 17:23:24,14,10,Walter,none,57682,12199
869227993411051520,1,Pembroke,2017-05-29 16:24:37,13,10,Gizmo,none,18078,3185
869596645499047938,1,Chihuahua,2017-05-30 16:49:31,12,10,Scout,doggo,14127,2627
869702957897576449,1,Pembroke,2017-05-30 23:51:58,13,10,Stanley,none,24958,5361
869772420881756160,1,Pembroke,2017-05-31 04:27:59,13,10,Dewey,none,37882,8657
870308999962521604,2,Greater_Swiss_Mountain_dog,2017-06-01 16:00:09,13,10,Rumble,none,19411,3534
870374049280663552,1,golden_retriever,2017-06-01 20:18:38,13,10,Zoey,none,73693,22650
870656317836468226,4,Pembroke,2017-06-02 15:00:16,13,10,ACL,none,10850,2189
871032628920680449,1,kelpie,2017-06-03 15:55:36,13,10,Boomer,none,20085,3213
871515927908634625,2,komondor,2017-06-04 23:56:03,12,10,Napolean,doggo,17842,2924
871762521631449091,2,Labrador_retriever,2017-06-05 16:15:56,12,10,Needs,pupper,17794,2956
871879754684805121,1,Shetland_sheepdog,2017-06-06 00:01:46,13,10,Lassie,none,32957,9206
872122724285648897,1,pug,2017-06-06 16:07:15,12,10,none,none,30091,6800
872486979161796608,1,Pembroke,2017-06-07 16:14:40,12,10,Dogs,none,35960,7682
872620804844003328,1,cocker_spaniel,2017-06-08 01:06:27,13,10,Monkey,none,18263,3059
872820683541237760,3,pug,2017-06-08 14:20:41,13,10,none,none,13010,3156
872967104147763200,2,Labrador_retriever,2017-06-09 00:02:31,12,10,none,doggo,23967,4545
873213775632977920,1,vizsla,2017-06-09 16:22:42,12,10,Sierra,none,6298,1326
873580283840344065,1,Newfoundland,2017-06-10 16:39:04,13,10,SaskatoonBlackBears,none,21304,3332
874012996292530176,2,Cardigan,2017-06-11 21:18:31,13,10,Sebastian,puppo,30013,8548
874296783580663808,1,cocker_spaniel,2017-06-12 16:06:11,13,10,Jed,pupper,22863,3469
874680097055178752,1,Labrador_retriever,2017-06-13 17:29:20,12,10,Cash,none,24505,3905
875021211251597312,2,West_Highland_white_terrier,2017-06-14 16:04:48,12,10,Guys,none,22481,3953
875144289856114688,1,Siberian_husky,2017-06-15 00:13:52,13,10,Nugge,none,19360,4131
875747767867523072,1,Labrador_retriever,2017-06-16 16:11:53,13,10,Goose,none,22016,3562
876120275196170240,1,Bernese_mountain_dog,2017-06-17 16:52:05,13,10,Venti,none,24599,3888
876484053909872640,1,golden_retriever,2017-06-18 16:57:37,13,10,Benedict,none,16501,1989
876838120628539392,1,bloodhound,2017-06-19 16:24:33,12,10,Ginger,pupper,18149,2794
877201837425926144,1,Pembroke,2017-06-20 16:29:50,12,10,none,none,23785,4602
877316821321428993,1,Saluki,2017-06-21 00:06:44,13,10,Dante,none,24064,4320
877556246731214848,1,basset,2017-06-21 15:58:08,12,10,Penny,none,19827,3150
877736472329191424,2,Chesapeake_Bay_retriever,2017-06-22 03:54:17,13,10,Aja,none,69021,15730
878057613040115712,1,French_bulldog,2017-06-23 01:10:23,14,10,Emmy,none,36995,5709
878281511006478336,1,basset,2017-06-23 16:00:04,13,10,Shadow,none,6751,1068
878776093423087618,2,Italian_greyhound,2017-06-25 00:45:22,13,10,Snoopy,none,17079,3418
879008229531029506,1,vizsla,2017-06-25 16:07:47,13,10,Beau,none,16718,2230
879376492567855104,1,Labrador_retriever,2017-06-26 16:31:08,12,10,JackAKAStephenFurry,none,14802,2634
879415818425184262,1,English_springer,2017-06-26 19:07:24,13,10,Duddles,none,92471,37251
879492040517615616,1,German_short-haired_pointer,2017-06-27 00:10:17,12,10,Bailey,none,20620,2618
879862464715927552,3,basset,2017-06-28 00:42:13,13,10,Romeo,none,19629,2913
880221127280381952,1,Chihuahua,2017-06-29 00:27:25,12,10,Jesse,none,23573,3447
880465832366813184,1,golden_retriever,2017-06-29 16:39:47,12,10,Bella,none,24901,5191
880872448815771648,1,Pembroke,2017-06-30 19:35:32,12,10,Dogs,none,18634,3190
881536004380872706,1,Samoyed,2017-07-02 15:32:16,14,10,none,pupper,43271,13344
881666595344535552,1,Saluki,2017-07-03 00:11:11,13,10,none,none,44374,8910
881906580714921986,1,Weimaraner,2017-07-03 16:04:48,12,10,Rey,none,21359,2840
882045870035918850,1,golden_retriever,2017-07-04 01:18:17,13,10,Koko,none,25604,4066
882268110199369728,1,golden_retriever,2017-07-04 16:01:23,13,10,Alfy,none,39005,9581
882627270321602560,1,Pembroke,2017-07-05 15:48:34,13,10,Stanley,none,24498,5040
882762694511734784,1,Labrador_retriever,2017-07-06 00:46:41,12,10,none,none,24670,4074
882992080364220416,1,Eskimo_dog,2017-07-06 15:58:11,13,10,Rusty,none,20908,3229
883360690899218434,1,chow,2017-07-07 16:22:55,13,10,Grizzwald,floofer,19869,3060
883482846933004288,1,golden_retriever,2017-07-08 00:28:19,5,10,Bella,none,40030,8220
883838122936631299,1,Doberman,2017-07-09 00:00:04,12,10,Noah,none,19083,2849
884162670584377345,1,German_shepherd,2017-07-09 21:29:42,12,10,Yogi,doggo,17866,2492
884441805382717440,1,Pembroke,2017-07-10 15:58:53,14,10,Pup,none,23776,4775
884562892145688576,1,pug,2017-07-11 00:00:02,13,10,Kevin,none,21231,3895
884876753390489601,1,chow,2017-07-11 20:47:12,13,10,Lola,none,24298,4639
884925521741709313,1,Italian_greyhound,2017-07-12 00:01:00,12,10,Earl,none,66876,14939
885167619883638784,4,malamute,2017-07-12 16:03:00,13,10,none,none,19164,3652
885528943205470208,1,pug,2017-07-13 15:58:47,13,10,Maisey,none,31469,5306
885984800019947520,1,Blenheim_spaniel,2017-07-14 22:10:11,12,10,Viewer,none,28485,5589
886258384151887873,1,pug,2017-07-15 16:17:19,13,10,Waffles,none,24436,5252
886366144734445568,1,French_bulldog,2017-07-15 23:25:31,12,10,Roscoe,pupper,18481,2613
886736880519319552,1,kuvasz,2017-07-16 23:58:41,13,10,Mingus,none,10457,2615
886983233522544640,2,Chihuahua,2017-07-17 16:17:36,13,10,none,none,30238,6286
887101392804085760,1,Samoyed,2017-07-18 00:07:08,12,10,JubilantAntarctic,none,26870,4968
887343217045368832,1,Mexican_hairless,2017-07-18 16:08:03,13,10,none,none,29480,8774
887473957103951883,2,Pembroke,2017-07-19 00:47:34,13,10,Canela,none,59961,14952
887705289381826560,1,basset,2017-07-19 16:06:48,13,10,Jeffrey,none,26498,4514
888078434458587136,1,French_bulldog,2017-07-20 16:49:33,12,10,Gerald,none,19090,2884
888554962724278272,3,Siberian_husky,2017-07-22 00:23:06,13,10,Ralphus,none,17245,2862
888804989199671297,1,golden_retriever,2017-07-22 16:56:37,13,10,Zeke,none,22363,3511
888917238123831296,1,golden_retriever,2017-07-23 00:22:39,12,10,Jim,none,25501,3742
889278841981685760,1,whippet,2017-07-24 00:19:32,13,10,Oliver,none,22020,4419
889531135344209921,1,golden_retriever,2017-07-24 17:02:04,13,10,Stuart,puppo,13308,1873
889638837579907072,1,French_bulldog,2017-07-25 00:10:02,12,10,none,none,23568,3700
889665388333682689,1,Pembroke,2017-07-25 01:55:32,13,10,none,puppo,41837,8301
889880896479866881,1,French_bulldog,2017-07-25 16:11:53,13,10,Bruno,none,24473,4140
890006608113172480,1,Samoyed,2017-07-26 00:31:25,13,10,Koda,none,26934,6112
890240255349198849,1,Pembroke,2017-07-26 15:59:51,14,10,Cassie,doggo,27836,6066
890609185150312448,1,Irish_terrier,2017-07-27 16:25:51,13,10,Zoey,none,24404,3604
890729181411237888,2,Pomeranian,2017-07-28 00:22:40,13,10,none,none,56640,15676
890971913173991426,1,Appenzeller,2017-07-28 16:27:12,13,10,Jax,none,10328,1646
891087950875897856,1,Chesapeake_Bay_retriever,2017-07-29 00:08:17,13,10,SouthAfrica,none,17740,2585
891327558926688256,2,basset,2017-07-29 16:00:24,12,10,Franklin,none,35137,7713
891689557279858688,1,Labrador_retriever,2017-07-30 15:58:51,13,10,Darla,none,36773,7190
891815181378084864,1,Chihuahua,2017-07-31 00:18:03,12,10,Archie,none,21969,3464
892177421306343426,1,Chihuahua,2017-08-01 00:17:27,13,10,none,none,29220,5272
